{
  "global_rho": 0.014998769858179758,
  "global_p": 1.973245847937732e-11,
  "global_delta": 0.017389121124676388,
  "permutation_p": 0.0,
  "n_chem_ingredients": 4942
}